Region,Country
Western & Southern Europe,Portugal
Western & Southern Europe,Spain
Western & Southern Europe,Italy
Western & Southern Europe,Greece
Western & Southern Europe,Malta
Western & Southern Europe,Cyprus
Western & Southern Europe,Croatia
Western & Southern Europe,France
Western & Southern Europe,Germany
Western & Southern Europe,Ireland
Eastern Europe & The Balkans,Estonia
Eastern Europe & The Balkans,Czechia
Eastern Europe & The Balkans,Hungary
Eastern Europe & The Balkans,Poland
Eastern Europe & The Balkans,Romania
Eastern Europe & The Balkans,Bulgaria
Eastern Europe & The Balkans,Slovenia
Eastern Europe & The Balkans,Slovakia
Eastern Europe & The Balkans,Latvia
Eastern Europe & The Balkans,Lithuania
Eastern Europe & The Balkans,Albania
Eastern Europe & The Balkans,Montenegro
Eastern Europe & The Balkans,Georgia
Eastern Europe & The Balkans,Serbia
Latin America,Mexico
Latin America,Costa Rica
Latin America,Colombia
Latin America,Panama
Latin America,Brazil
Latin America,Argentina
Latin America,Uruguay
Latin America,Chile
Latin America,Ecuador
Latin America,Belize
Asia-Pacific,Thailand
Asia-Pacific,Vietnam
Asia-Pacific,Indonesia
Asia-Pacific,Malaysia
Asia-Pacific,Philippines
Asia-Pacific,Japan
Asia-Pacific,South Korea
Asia-Pacific,Taiwan
Asia-Pacific,Sri Lanka
Middle East & Africa,UAE
Middle East & Africa,Turkey
Middle East & Africa,South Africa
Middle East & Africa,Mauritius
Middle East & Africa,Morocco
Island Life,Barbados
Island Life,Bermuda
